[
       {
           "name": "Naruto: Shippuuden",
           "description": "It has been two and a half years since Naruto Uzumaki left Konohagakure, the Hidden Leaf Village, for intense training following events which fueled his desire to be stronger. Now Akatsuki, the mysterious organization of elite rogue ninja, is closing in on their grand plan which may threaten the safety of the entire shinobi world.",
           "Rating": "8.16",
           "episode": 500,
           "categorie":"Animation | Drama | Adventure",
           "studio":"Studio Pierrot",
           "img": "https://myanimelist.cdn-dena.com/images/anime/5/17407.jpg"
       },
       {
           "name": "One Piece",
           "description": "Gol D. Roger was known as the 'Pirate King',the strongest and most infamous being to have sailed the Grand Line. The capture and death of Roger by the World Government brought a change throughout the world. His last words before his death revealed the existence of the greatest treasure in the world, One Piece. It was this revelation that brought about the Grand Age of Pirates, men who dreamed of finding One Piece—which promises an unlimited amount of riches and fame—and quite possibly the pinnacle of glory and the title of the Pirate King.",
           "Rating": "8.54",
           "episode": 700,
            "categorie":"Animation | Drama | Adventure",
           "studio":"Toei Animation",
           "img": "https://myanimelist.cdn-dena.com/images/anime/6/73245.jpg"
       },
       {
           "name": "Attack on Titan",
           "description": "Centuries ago, mankind was slaughtered to near extinction by monstrous humanoid creatures called titans, forcing humans to hide in fear behind enormous concentric walls. What makes these giants truly terrifying is that their taste for human flesh is not born out of hunger but what appears to be out of pleasure. To ensure their survival, the remnants of humanity began living within defensive barriers, resulting in one hundred years without a single titan encounter. However, that fragile calm is soon shattered when a colossal titan manages to breach the supposedly impregnable outer wall, reigniting the fight for survival against the man-eating abominations.",
           "Rating": "8.50",
           "episode": 500,
           "categorie":"Animation | Drama | Adventure",
           "studio":"Wit Studio",
           "img": "https://myanimelist.cdn-dena.com/images/anime/10/47347.jpg"
       },
       {
           "name": "Monster",
           "description": "It has been two and a half years since Naruto Uzumaki left Konohagakure, the Hidden Leaf Village, for intense training following events which fueled his desire to be stronger. Now Akatsuki, the mysterious organization of elite rogue ninja, is closing in on their grand plan which may threaten the safety of the entire shinobi world.",
           "Rating": "8.16",
           "episode": 70,
           "categorie":"Animation | Drama | Adventure",
           "studio":"Madhouse",
           "img": "https://myanimelist.cdn-dena.com/images/anime/10/18793.jpg"
       },
       {
           "name": "Death Note",
           "description": "It has been two and a half years since Naruto Uzumaki left Konohagakure, the Hidden Leaf Village, for intense training following events which fueled his desire to be stronger. Now Akatsuki, the mysterious organization of elite rogue ninja, is closing in on their grand plan which may threaten the safety of the entire shinobi world.",
           "Rating": "8.16",
           "episode": 500,
           "categorie":"Animation | Adventure",
           "studio":"Madhouse",
           "img": "https://myanimelist.cdn-dena.com/images/anime/9/9453.jpg"
       },
       {
           "name": "Violet Evergarden",
           "description": "There are words Violet heard on the battlefield, which she cannot forget. These words were given to her by someone she holds dear, more than anyone else. She does not yet know their meaning.A certain point in time, in the continent of Telesis. The great war which divided the continent into North and South has ended after four years, and the people are welcoming a new generation.",
           "Rating": "8.39",
           "episode": 14,
           "categorie":"Fantasy | Drama ",
           "studio":"Kyoto Animation",
           "img": "https://myanimelist.cdn-dena.com/images/anime/1329/90618.jpg"
       },
       {
           "name": "Tokyo Ghoul",
           "description": "",
           "Rating": "8.01",
           "episode": 12,
           "categorie":"Action | Mystery",
           "studio":"Studio Pierrot",
           "img": "https://myanimelist.cdn-dena.com/images/anime/5/64449.jpg"
       },
       {
           "name": "Black Clover",
           "description": "Asta and Yuno were abandoned at the same church on the same day. Raised together as children, they came to know of the Wizard King—a title given to the strongest mage in the kingdom—and promised that they would compete against each other for the position of the next Wizard King. However, as they grew up, the stark difference between them became evident. While Yuno is able to wield magic with amazing power and control, Asta cannot use magic at all and desperately tries to awaken his powers by training physically.",
           "Rating": "6.55",
           "episode": 51,
           "categorie":"Magic | Shounen | Adventure",
           "studio":"Studio Pierrot",
           "img": "https://myanimelist.cdn-dena.com/images/anime/2/88336.jpg"
       },
       {
           "name": "Sword Art Online",
           "description": "In the year 2022, virtual reality has progressed by leaps and bounds, and a massive online role-playing game called Sword Art Online (SAO) is launched. With the aid of NerveGear technology, players can control their avatars within the game using nothing but their own thoughts.",
           "Rating": "7.66",
           "episode": 25,
           "categorie":"Drama | Adventure",
           "studio":"A-1 Pictures",
           "img": "https://myanimelist.cdn-dena.com/images/anime/11/39717.jpg"
       },
       {
           "name": "Nanatsu no Taizai",
           "description": "It has been two and a half years since Naruto Uzumaki left Konohagakure, the Hidden Leaf Village, for intense training following events which fueled his desire to be stronger. Now Akatsuki, the mysterious organization of elite rogue ninja, is closing in on their grand plan which may threaten the safety of the entire shinobi world.",
           "Rating": "8.30",
           "episode": 24,
           "categorie":"Animation | Drama | Adventure",
           "studio":"A-1 Pictures",
           "img": "https://myanimelist.cdn-dena.com/images/anime/8/65409.jpg"
       },
       {
           "name": "Kiseijuu: Sei no Kakuritsu",
           "description": "It has been two and a half years since Naruto Uzumaki left Konohagakure, the Hidden Leaf Village, for intense training following events which fueled his desire to be stronger. Now Akatsuki, the mysterious organization of elite rogue ninja, is closing in on their grand plan which may threaten the safety of the entire shinobi world.",
           "Rating": "8.53",
           "episode": 24,
           "categorie":"Animation | Drama | Adventure",
           "studio":"Madhouse",
           "img": "https://myanimelist.cdn-dena.com/images/anime/3/73178.jpg"
       },
       {
           "name": "Hunter x Hunter (2011)",
           "description": "It has been two and a half years since Naruto Uzumaki left Konohagakure, the Hidden Leaf Village, for intense training following events which fueled his desire to be stronger. Now Akatsuki, the mysterious organization of elite rogue ninja, is closing in on their grand plan which may threaten the safety of the entire shinobi world.",
           "Rating": "9.11",
           "episode": 148,
           "categorie":"Animation | Drama | Adventure",
           "studio":"Madhouse",
           "img": "https://myanimelist.cdn-dena.com/images/anime/11/33657.jpg"
       }

   ]
